{"cameraMode":{"drawMode":0,"name":"Shaded","section":"Shading Mode"},"sceneLighting":true,"audioPlay":false,"sceneViewState":{"showFog":true,"showMaterialUpdate":false,"showSkybox":true,"showFlares":true,"showImageEffects":true,"showParticleSystems":true,"showVisualEffectGraphs":true,"m_FxEnabled":true},"in2DMode":false,"pivot":{"x":1.2030837535858155,"y":0.2626945376396179,"z":-0.8656474947929382},"rotation":{"x":-0.09913860261440277,"y":-0.012839406728744507,"z":0.001279168063774705,"w":-0.9949925541877747},"size":4.328032970428467,"orthographic":false}